[
  {
    "inputs": [
      {
        "internalType": "address",
        "name": "_numusToken",
        "type": "address"
      },
      {
        "internalType": "address",
        "name": "_loanNFT",
        "type": "address"
      }
    ],
    "stateMutability": "nonpayable",
    "type": "constructor"
  },
  {
    "inputs": [
      {
        "internalType": "address",
        "name": "owner",
        "type": "address"
      }
    ],
    "name": "OwnableInvalidOwner",
    "type": "error"
  },
  {
    "inputs": [
      {
        "internalType": "address",
        "name": "account",
        "type": "address"
      }
    ],
    "name": "OwnableUnauthorizedAccount",
    "type": "error"
  },
  {
    "anonymous": false,
    "inputs": [
      {
        "indexed": true,
        "internalType": "address",
        "name": "deudor",
        "type": "address"
      },
      {
        "indexed": false,
        "internalType": "uint256",
        "name": "newLimitNUMUS",
        "type": "uint256"
      }
    ],
    "name": "DeudorLimitSet",
    "type": "event"
  },
  {
    "anonymous": false,
    "inputs": [
      {
        "indexed": true,
        "internalType": "address",
        "name": "deudor",
        "type": "address"
      },
      {
        "indexed": false,
        "internalType": "uint256",
        "name": "burnedNUMUS",
        "type": "uint256"
      },
      {
        "indexed": false,
        "internalType": "uint256",
        "name": "amountCCOPNet",
        "type": "uint256"
      },
      {
        "indexed": false,
        "internalType": "uint256",
        "name": "commissionCCOP",
        "type": "uint256"
      }
    ],
    "name": "DeudorWithdrewNUMUS",
    "type": "event"
  },
  {
    "anonymous": false,
    "inputs": [
      {
        "indexed": true,
        "internalType": "uint256",
        "name": "loanId",
        "type": "uint256"
      },
      {
        "indexed": true,
        "internalType": "address",
        "name": "deudor",
        "type": "address"
      },
      {
        "indexed": true,
        "internalType": "address",
        "name": "prestamista",
        "type": "address"
      },
      {
        "indexed": false,
        "internalType": "uint256",
        "name": "paidCCOP",
        "type": "uint256"
      },
      {
        "indexed": false,
        "internalType": "uint256",
        "name": "prestamistaShareCCOP",
        "type": "uint256"
      },
      {
        "indexed": false,
        "internalType": "uint256",
        "name": "ownerCommissionCCOP",
        "type": "uint256"
      }
    ],
    "name": "LoanPaid",
    "type": "event"
  },
  {
    "anonymous": false,
    "inputs": [
      {
        "indexed": true,
        "internalType": "uint256",
        "name": "loanId",
        "type": "uint256"
      },
      {
        "indexed": true,
        "internalType": "address",
        "name": "deudor",
        "type": "address"
      },
      {
        "indexed": true,
        "internalType": "address",
        "name": "prestamista",
        "type": "address"
      },
      {
        "indexed": false,
        "internalType": "uint256",
        "name": "amountNUMUS",
        "type": "uint256"
      },
      {
        "indexed": false,
        "internalType": "uint256",
        "name": "amountToPayCCOP",
        "type": "uint256"
      }
    ],
    "name": "LoanRequested",
    "type": "event"
  },
  {
    "anonymous": false,
    "inputs": [
      {
        "indexed": true,
        "internalType": "address",
        "name": "previousOwner",
        "type": "address"
      },
      {
        "indexed": true,
        "internalType": "address",
        "name": "newOwner",
        "type": "address"
      }
    ],
    "name": "OwnershipTransferred",
    "type": "event"
  },
  {
    "anonymous": false,
    "inputs": [
      {
        "indexed": true,
        "internalType": "address",
        "name": "prestamista",
        "type": "address"
      },
      {
        "indexed": false,
        "internalType": "uint256",
        "name": "amountCCOP",
        "type": "uint256"
      },
      {
        "indexed": false,
        "internalType": "uint256",
        "name": "mintedNUMUS",
        "type": "uint256"
      }
    ],
    "name": "PrestamistaDeposited",
    "type": "event"
  },
  {
    "anonymous": false,
    "inputs": [
      {
        "indexed": true,
        "internalType": "address",
        "name": "prestamista",
        "type": "address"
      },
      {
        "indexed": false,
        "internalType": "uint256",
        "name": "burnedNUMUS",
        "type": "uint256"
      },
      {
        "indexed": false,
        "internalType": "uint256",
        "name": "amountCCOPNet",
        "type": "uint256"
      },
      {
        "indexed": false,
        "internalType": "uint256",
        "name": "commissionCCOP",
        "type": "uint256"
      }
    ],
    "name": "PrestamistaWithdrew",
    "type": "event"
  },
  {
    "stateMutability": "payable",
    "type": "fallback"
  },
  {
    "inputs": [],
    "name": "BASIS_DIVISOR",
    "outputs": [
      {
        "internalType": "uint256",
        "name": "",
        "type": "uint256"
      }
    ],
    "stateMutability": "view",
    "type": "function"
  },
  {
    "inputs": [],
    "name": "COMMISSION_BASIS",
    "outputs": [
      {
        "internalType": "uint256",
        "name": "",
        "type": "uint256"
      }
    ],
    "stateMutability": "view",
    "type": "function"
  },
  {
    "inputs": [],
    "name": "depositarPrestamista",
    "outputs": [],
    "stateMutability": "payable",
    "type": "function"
  },
  {
    "inputs": [
      {
        "internalType": "address",
        "name": "",
        "type": "address"
      }
    ],
    "name": "deudorLimits",
    "outputs": [
      {
        "internalType": "uint256",
        "name": "",
        "type": "uint256"
      }
    ],
    "stateMutability": "view",
    "type": "function"
  },
  {
    "inputs": [],
    "name": "loanNFT",
    "outputs": [
      {
        "internalType": "contract ILoanNFT",
        "name": "",
        "type": "address"
      }
    ],
    "stateMutability": "view",
    "type": "function"
  },
  {
    "inputs": [
      {
        "internalType": "uint256",
        "name": "",
        "type": "uint256"
      }
    ],
    "name": "loans",
    "outputs": [
      {
        "internalType": "uint256",
        "name": "loanId",
        "type": "uint256"
      },
      {
        "internalType": "address",
        "name": "prestamista",
        "type": "address"
      },
      {
        "internalType": "address",
        "name": "deudor",
        "type": "address"
      },
      {
        "internalType": "uint256",
        "name": "amount",
        "type": "uint256"
      },
      {
        "internalType": "uint256",
        "name": "amountToPay",
        "type": "uint256"
      },
      {
        "internalType": "bool",
        "name": "active",
        "type": "bool"
      }
    ],
    "stateMutability": "view",
    "type": "function"
  },
  {
    "inputs": [],
    "name": "numusToken",
    "outputs": [
      {
        "internalType": "contract INUMUSToken",
        "name": "",
        "type": "address"
      }
    ],
    "stateMutability": "view",
    "type": "function"
  },
  {
    "inputs": [],
    "name": "owner",
    "outputs": [
      {
        "internalType": "address",
        "name": "",
        "type": "address"
      }
    ],
    "stateMutability": "view",
    "type": "function"
  },
  {
    "inputs": [
      {
        "internalType": "uint256",
        "name": "loanId",
        "type": "uint256"
      }
    ],
    "name": "pagarPrestamo",
    "outputs": [],
    "stateMutability": "payable",
    "type": "function"
  },
  {
    "inputs": [
      {
        "internalType": "address",
        "name": "",
        "type": "address"
      }
    ],
    "name": "prestamistaBalances",
    "outputs": [
      {
        "internalType": "uint256",
        "name": "",
        "type": "uint256"
      }
    ],
    "stateMutability": "view",
    "type": "function"
  },
  {
    "inputs": [],
    "name": "renounceOwnership",
    "outputs": [],
    "stateMutability": "nonpayable",
    "type": "function"
  },
  {
    "inputs": [
      {
        "internalType": "uint256",
        "name": "amountNUMUS",
        "type": "uint256"
      }
    ],
    "name": "retirarNUMUSDeudor",
    "outputs": [],
    "stateMutability": "nonpayable",
    "type": "function"
  },
  {
    "inputs": [
      {
        "internalType": "uint256",
        "name": "amountNUMUS",
        "type": "uint256"
      }
    ],
    "name": "retirarPrestamista",
    "outputs": [],
    "stateMutability": "nonpayable",
    "type": "function"
  },
  {
    "inputs": [
      {
        "internalType": "address",
        "name": "deudor",
        "type": "address"
      },
      {
        "internalType": "uint256",
        "name": "newLimit",
        "type": "uint256"
      }
    ],
    "name": "setLimitePrestamo",
    "outputs": [],
    "stateMutability": "nonpayable",
    "type": "function"
  },
  {
    "inputs": [
      {
        "internalType": "uint256",
        "name": "amountNUMUS",
        "type": "uint256"
      }
    ],
    "name": "solicitarPrestamo",
    "outputs": [],
    "stateMutability": "nonpayable",
    "type": "function"
  },
  {
    "inputs": [
      {
        "internalType": "address",
        "name": "newOwner",
        "type": "address"
      }
    ],
    "name": "transferOwnership",
    "outputs": [],
    "stateMutability": "nonpayable",
    "type": "function"
  },
  {
    "stateMutability": "payable",
    "type": "receive"
  }
]
